{"accuracy": [0.022635631263256073, 0.04783724248409271, 0.07129765301942825, 0.11446114629507065, 0.1565249264240265], "loss": [5.0111894607543945, 3.9299871921539307, 3.7149600982666016, 3.462381601333618, 3.20853590965271], "val_accuracy": [0.04954128339886665, 0.07155963033437729, 0.09357798099517822, 0.1834862381219864, 0.22201834619045258], "val_loss": [3.9932689666748047, 3.73883056640625, 3.531453847885132, 3.097428798675537, 2.8662004470825195]}