{"accuracy": [0.021719207987189293, 0.05186950042843819, 0.0927419364452362, 0.14772726595401764, 0.20454545319080353, 0.27217742800712585, 0.3289039731025696, 0.38132330775260925, 0.42916056513786316, 0.487628310918808, 0.5253849029541016, 0.5638746619224548, 0.603280782699585, 0.6321480870246887, 0.6564332842826843, 0.6693548560142517, 0.7016128897666931, 0.7131597995758057, 0.7250733375549316, 0.7402859330177307, 0.7507331371307373, 0.7702529430389404, 0.7786840200424194, 0.7839992642402649, 0.7938966155052185, 0.8024193644523621, 0.8163489699363708, 0.8193731904029846, 0.820381224155426, 0.8218474984169006, 0.8289955854415894, 0.8359603881835938, 0.8397177457809448, 0.8519061803817749, 0.8459494113922119, 0.8608871102333069, 0.8590542674064636, 0.8528226017951965, 0.8587793111801147, 0.8703262209892273, 0.8739919066429138, 0.8728922009468079, 0.8754582405090332, 0.8691349029541016, 0.8807734847068787, 0.8835227489471436, 0.8860887289047241, 0.8901209831237793, 0.8916788697242737, 0.8903958797454834, 0.8922287225723267, 0.8881048560142517, 0.8938782811164856, 0.8932368159294128, 0.8950696587562561, 0.9069831371307373, 0.9082661271095276, 0.8998350501060486, 0.90625, 0.9022177457809448, 0.9041422009468079, 0.9028592109680176, 0.9052419066429138, 0.9101906418800354, 0.9060667157173157, 0.9173387289047241, 0.9108321070671082, 0.9148643612861633, 0.913306474685669, 0.911107063293457, 0.9194464683532715, 0.923112154006958, 0.9125733375549316, 0.9110153913497925, 0.921737551689148, 0.921737551689148, 0.9251282811164856, 0.923662006855011, 0.922562301158905, 0.921737551689148, 0.9233871102333069, 0.915230929851532, 0.9243951439857483, 0.9187133312225342, 0.929618775844574, 0.9276942610740662, 0.9263196587562561, 0.9299853444099426, 0.9310850501060486, 0.930168628692627, 0.9339259266853333, 0.9332844614982605, 0.9254032373428345, 0.9356671571731567, 0.9295271039009094, 0.9379582405090332, 0.9342008829116821, 0.9349340200424194, 0.9351173043251038, 0.9420821070671082], "loss": [4.61437463760376, 3.9909627437591553, 3.6724853515625, 3.3011507987976074, 2.9855401515960693, 2.6679646968841553, 2.4089865684509277, 2.1481430530548096, 1.9317197799682617, 1.7260770797729492, 1.571287751197815, 1.4145194292068481, 1.308349609375, 1.193817377090454, 1.114612340927124, 1.062854528427124, 0.9680355787277222, 0.9227076768875122, 0.8850616812705994, 0.812760055065155, 0.7899404168128967, 0.7266578674316406, 0.7156103253364563, 0.7012209296226501, 0.6578546762466431, 0.6273127794265747, 0.5845701694488525, 0.5708246827125549, 0.5858002305030823, 0.590397834777832, 0.5476340651512146, 0.5457402467727661, 0.5193105340003967, 0.4977249503135681, 0.4973171055316925, 0.4580019414424896, 0.48126739263534546, 0.49178990721702576, 0.46893566846847534, 0.4244867265224457, 0.4166722893714905, 0.42941126227378845, 0.4194484353065491, 0.4357113540172577, 0.41263896226882935, 0.39463964104652405, 0.37982693314552307, 0.3836101293563843, 0.36443233489990234, 0.3833763599395752, 0.3606901466846466, 0.3894363343715668, 0.3646531105041504, 0.3810406029224396, 0.35585224628448486, 0.31727883219718933, 0.3232361972332001, 0.3463200032711029, 0.3306179642677307, 0.3436198830604553, 0.3369344174861908, 0.3261091709136963, 0.3317014276981354, 0.3173486888408661, 0.34874048829078674, 0.29715514183044434, 0.3217889070510864, 0.3263492286205292, 0.3232111632823944, 0.3212539553642273, 0.28755703568458557, 0.2732940912246704, 0.32315129041671753, 0.33842697739601135, 0.2774355113506317, 0.29621294140815735, 0.27511268854141235, 0.28495436906814575, 0.3031652867794037, 0.2891993224620819, 0.29202204942703247, 0.29073137044906616, 0.29119110107421875, 0.31807583570480347, 0.24748313426971436, 0.26740923523902893, 0.289206862449646, 0.2595176696777344, 0.2572367787361145, 0.26573285460472107, 0.24420277774333954, 0.24615512788295746, 0.3039330542087555, 0.2664383351802826, 0.2683393657207489, 0.26502758264541626, 0.26104870438575745, 0.2603214979171753, 0.25427788496017456, 0.20911908149719238], "val_accuracy": [0.023853210732340813, 0.0917431190609932, 0.18532110750675201, 0.25321102142333984, 0.35045871138572693, 0.3688073456287384, 0.43669724464416504, 0.5009174346923828, 0.4935779869556427, 0.5192660689353943, 0.5027523040771484, 0.5412843823432922, 0.5596330165863037, 0.5926605463027954, 0.5761467814445496, 0.6000000238418579, 0.6330274939537048, 0.6110091805458069, 0.6018348336219788, 0.5981651544570923, 0.631192684173584, 0.642201840877533, 0.6568807363510132, 0.6366972327232361, 0.6385321021080017, 0.6275229454040527, 0.6275229454040527, 0.631192684173584, 0.631192684173584, 0.6128440499305725, 0.6330274939537048, 0.6366972327232361, 0.6275229454040527, 0.6220183372497559, 0.6385321021080017, 0.6477064490318298, 0.6513761281967163, 0.6201834678649902, 0.6201834678649902, 0.594495415687561, 0.5926605463027954, 0.6568807363510132, 0.6403669714927673, 0.6495412588119507, 0.6403669714927673, 0.6532109975814819, 0.6660550236701965, 0.6513761281967163, 0.6366972327232361, 0.6165137887001038, 0.642201840877533, 0.6385321021080017, 0.6697247624397278, 0.6348623633384705, 0.6623853445053101, 0.6495412588119507, 0.6678898930549622, 0.6550458669662476, 0.6458715796470642, 0.642201840877533, 0.6550458669662476, 0.642201840877533, 0.6348623633384705, 0.631192684173584, 0.6587156057357788, 0.6623853445053101, 0.6532109975814819, 0.6660550236701965, 0.6568807363510132, 0.6366972327232361, 0.6366972327232361, 0.6385321021080017, 0.6660550236701965, 0.6477064490318298, 0.6440367102622986, 0.6495412588119507, 0.6550458669662476, 0.6550458669662476, 0.6220183372497559, 0.6532109975814819, 0.6495412588119507, 0.6385321021080017, 0.6587156057357788, 0.6532109975814819, 0.6366972327232361, 0.6440367102622986, 0.6532109975814819, 0.6440367102622986, 0.6532109975814819, 0.6366972327232361, 0.6660550236701965, 0.6440367102622986, 0.6440367102622986, 0.6220183372497559, 0.6495412588119507, 0.6073394417762756, 0.6532109975814819, 0.6513761281967163, 0.6568807363510132, 0.6293578147888184],